"Símbolo","Seguridad","Presentación ante la SEC","Sector GICS","Sub-industria GICS","Ubicación de la sede","Fecha de incorporación","Clave de índice central","Fundada"
"A","Agilent Technologies","reports","Cuidado de Salud","Health Care Equipment","Santa Clara, California","36682",1090872,"1999"
"AAL","American Airlines Group","reports","Industriales","Aerolíneas","Fort Worth, Texas","42086",6201,"1934"
"AAP","Advance Auto Parts","reports","Consumo Discrecional","Automotive Retail","Raleigh, North Carolina","42194",1158449,"1932"
"AAPL","Apple Inc.","reports","Tecnología Informática","Tecnología Hardware, Almacenamiento & Periféricos","Cupertino, California","30285",320193,"1977"
"ABBV","AbbVie","reports","Cuidado de Salud","Farmacéuticos","North Chicago, Illinois","41274",1551152,"2013 (1888)"
"ABT","Abbott","reports","Cuidado de Salud","Health Care Equipment","North Chicago, Illinois","23467",1800,"1888"
"ACGL","Arch Capital Group","reports","Finanzas","Reinsurance","Hamilton, Bermuda","44866",947484,"1995"
"ACN","Accenture","reports","Tecnología Informática","Consultoría Informática y Otros Servicios","Dublin, Ireland","40730",1467373,"1989"
"ADBE","Adobe Inc.","reports","Tecnología Informática","Software de Aplicación","San Jose, California","35555",796343,"1982"
"ADI","Analog Devices","reports","Tecnología Informática","Semiconductores","Wilmington, Massachusetts","36445",6281,"1965"
"ADM","ADM","reports","Productos básicos","Productos Agrícolas","Chicago, Illinois","29796",7084,"1902"
"ADP","ADP","reports","Tecnología Informática","Procesamiento de Datos y Servicios Externalizados","Roseland, New Jersey","29676",8670,"1949"
"ADSK","Autodesk","reports","Tecnología Informática","Software de Aplicación","San Francisco, California","32843",769397,"1982"
"AEE","Ameren","reports","Utilidades","Multi-Utilities","St. Louis, Missouri","33500",1002910,"1902"
"AEP","American Electric Power","reports","Utilidades","Electric Utilities","Columbus, Ohio","20883",4904,"1906"
"AES","AES Corporation","reports","Utilidades","Independent Power Producers & Energy Traders","Arlington, Virginia","36070",874761,"1981"
"AFL","Aflac","reports","Finanzas","Life & Health Insurance","Columbus, Georgia","36308",4977,"1955"
"AIG","American International Group","reports","Finanzas","Property & Casualty Insurance","New York City, New York","29311",5272,"1919"
"AIZ","Assurant","reports","Finanzas","Multi-line Insurance","New York City, New York","39182",1267238,"1892"
"AJG","Arthur J. Gallagher & Co.","reports","Finanzas","Insurance Brokers","Rolling Meadows, Illinois","42521",354190,"1927"
"AKAM","Akamai","reports","Tecnología Informática","Servicios y Infraestructura de Internet","Cambridge, Massachusetts","39275",1086222,"1998"
"ALB","Albemarle Corporation","reports","Materiales","Químicos Especiales","Charlotte, North Carolina","42552",915913,"1994"
"ALGN","Align Technology","reports","Cuidado de Salud","Health Care Supplies","Tempe, Arizona","42905",1097149,"1997"
"ALK","Alaska Air Group","reports","Industriales","Aerolíneas","SeaTac, Washington","42503",766421,"1985"
"ALL","Allstate","reports","Finanzas","Property & Casualty Insurance","Northfield Township, Illinois","34893",899051,"1931"
"ALLE","Allegion","reports","Industriales","Productos de Edificio","New York City, New York","41610",1579241,"1908"
"AMAT","Applied Materials","reports","Tecnología Informática","Equipo de Semiconductores","Santa Clara, California","34774",6951,"1967"
"AMCR","Amcor","reports","Materiales","Empaquetado de Papel","Warmley, Bristol, United Kingdom","43623",1748790,"2019 (1860)"
"AMD","AMD","reports","Tecnología Informática","Semiconductores","Santa Clara, California","42814",2488,"1969"
"AME","Ametek","reports","Industriales","Componentes y Equipo Eléctrico","Berwyn, Pennsylvania","41540",1037868,"1930"
"AMGN","Amgen","reports","Cuidado de Salud","Biotecnología","Thousand Oaks, California","33605",318154,"1980"
"AMP","Ameriprise Financial","reports","Finanzas","Asset Management & Custody Banks","Minneapolis, Minnesota","38628",820027,"1894"
"AMT","American Tower","reports","Bienes Raíces","Specialized REITs","Boston, Massachusetts","39405",1053507,"1995"
"AMZN","Amazon","reports","Consumo Discrecional","Internet & Direct Marketing Retail","Seattle, Washington","38674",1018724,"1994"
"ANET","Arista Networks","reports","Tecnología Informática","Equipo de Comunicación","Santa Clara, California","43340",1596532,"2004"
"ANSS","Ansys","reports","Tecnología Informática","Software de Aplicación","Canonsburg, Pennsylvania","42905",1013462,"1969"
"AON","Aon","reports","Finanzas","Insurance Brokers","London, UK","35178",315293,"1982 (1919)"
"AOS","A. O. Smith","reports","Industriales","Productos de Edificio","Milwaukee, Wisconsin","42942",91142,"1916"
"APA","APA Corporation","reports","Energía","Oil & Gas Exploration & Production","Houston, Texas","35639",1841666,"1954"
"APD","Air Products and Chemicals","reports","Materiales","Gases Industriales","Allentown, Pensilvania","31167",2969,"1940"
"APH","Amphenol","reports","Tecnología Informática","Componentes Electrónicos","Wallingford, Connecticut","39721",820313,"1932"
"APTV","Aptiv","reports","Consumo Discrecional","Auto Parts & Equipment","Dublin, Ireland","41267",1521332,"1994"
"ARE","Alexandria Real Estate Equities","reports","Bienes Raíces","Office REITs","Pasadena, California","42814",1035443,"1994"
"ATO","Atmos Energy","reports","Utilidades","Gas Utilities","Dallas, Texas","43511",731802,"1906"
"AVB","AvalonBay Communities","reports","Bienes Raíces","Residential REITs","Arlington, Virginia","39092",915912,"1978"
"AVGO","Broadcom Inc.","reports","Tecnología Informática","Semiconductores","San Jose, California","41767",1730168,"1961"
"AVY","Avery Dennison","reports","Materiales","Empaquetado de Papel","Glendale, California","32142",8818,"1990"
"AWK","American Water Works","reports","Utilidades","Water Utilities","Camden, New Jersey","42433",1410636,"1886"
"AXP","American Express","reports","Finanzas","Consumer Finance","New York City, New York","27941",4962,"1850"
"AZO","AutoZone","reports","Consumo Discrecional","Specialty Stores","Memphis, Tennessee","35432",866787,"1979"
"BA","Boeing","reports","Industriales","Aeroespacial y Defensa","Chicago, Illinois","20883",12927,"1916"
"BAC","Bank of America","reports","Finanzas","Diversified Banks","Charlotte, North Carolina","27941",70858,"1998 (1923 / 1874)"
"BALL","Ball Corporation","reports","Materiales","Contenedores de Metal y Vidrio","Broomfield, Colorado","30986",9389,"1880"
"BAX","Baxter International","reports","Cuidado de Salud","Health Care Equipment","Deerfield, Illinois","26572",10456,"1931"
"BBWI","Bath & Body Works, Inc.","reports","Consumo Discrecional","Specialty Stores","Columbus, Ohio","30589",701985,"1963"
"BBY","Best Buy","reports","Consumo Discrecional","Computer & Electronics Retail","Richfield, Minnesota","36340",764478,"1966"
"BDX","Becton Dickinson","reports","Cuidado de Salud","Health Care Equipment","Franklin Lakes, New Jersey","26572",10795,"1897"
"BEN","Franklin Templeton","reports","Finanzas","Asset Management & Custody Banks","San Mateo, California",NA,38777,"1947"
"BF-B","Brown–Forman","reports","Productos básicos","Destiladores y Viticultores","Louisville, Kentucky","30255",14693,"1870"
"BIIB","Biogen","reports","Cuidado de Salud","Biotecnología","Cambridge, Massachusetts","37938",875045,"1978"
"BIO","Bio-Rad","reports","Cuidado de Salud","Life Sciences Tools & Services","Hercules, California","44004",12208,"1952"
"BK","BNY Mellon","reports","Finanzas","Asset Management & Custody Banks","New York City, New York","34789",1390777,"1784"
"BKNG","Booking Holdings","reports","Consumo Discrecional","Internet & Direct Marketing Retail","Norwalk, Connecticut","40123",1075531,"1996"
"BKR","Baker Hughes","reports","Energía","Oil & Gas Equipment & Services","Houston, Texas","42923",1701605,"2017"
"BLK","BlackRock","reports","Finanzas","Asset Management & Custody Banks","New York City, New York","40637",1364742,"1988"
"BMY","Bristol Myers Squibb","reports","Cuidado de Salud","Farmacéuticos","New York City, New York","20883",14272,"1989 (1887)"
"BR","Broadridge Financial Solutions","reports","Tecnología Informática","Procesamiento de Datos y Servicios Externalizados","Lake Success, New York","43269",1383312,"1962"
"BRK-B","Berkshire Hathaway","reports","Finanzas","Multi-Sector Holdings","Omaha, Nebraska","40225",1067983,"1839"
"BRO","Brown & Brown","reports","Finanzas","Insurance Brokers","Daytona Beach, Florida","44459",79282,"1939"
"BSX","Boston Scientific","reports","Cuidado de Salud","Health Care Equipment","Marlborough, Massachusetts","34754",885725,"1979"
"BWA","BorgWarner","reports","Consumo Discrecional","Auto Parts & Equipment","Auburn Hills, Michigan","40896",908255,"1880"
"BXP","Boston Properties","reports","Bienes Raíces","Office REITs","Boston, Massachusetts","38810",1037540,"1970"
"C","Citigroup","reports","Finanzas","Diversified Banks","New York City, New York","32294",831001,"1998"
"CAG","ConAgra Foods","reports","Productos básicos","Alimentos y Carnes Empaquetados","Chicago, Illinois","30559",23217,"1919"
"CAH","Cardinal Health","reports","Cuidado de Salud","Health Care Distributors","Dublin, Ohio","35577",721371,"1971"
"CARR","Carrier Global","reports","Industriales","Productos de Edificio","Palm Beach Gardens, Florida","43924",1783180,"2020 (1915)"
"CAT","Caterpillar Inc.","reports","Industriales","Maquinaria de Construcción y Camiones Pesados","Irving, Texas","20883",18230,"1925"
"CB","Chubb Limited","reports","Finanzas","Property & Casualty Insurance","Zurich, Switzerland","40374",896159,"1985"
"CBOE","Cboe Global Markets","reports","Finanzas","Financial Exchanges & Data","Chicago, Illinois","42795",1374310,"1973"
"CBRE","CBRE Group","reports","Bienes Raíces","Real Estate Services","Dallas, Texas","39031",1138118,"1906"
"CCI","Crown Castle","reports","Bienes Raíces","Specialized REITs","Houston, Texas","40982",1051470,"1994"
"CCL","Carnival","reports","Consumo Discrecional","Hotels, Resorts & Cruise Lines","Miami, Florida","36151",815097,"1972"
"CDAY","Ceridian","reports","Tecnología Informática","Software de Aplicación","Minneapolis, Minnesota","44459",1725057,"1992"
"CDNS","Cadence Design Systems","reports","Tecnología Informática","Software de Aplicación","San Jose, California","42996",813672,"1988"
"CDW","CDW","reports","Tecnología Informática","Distribuidores de Tecnología","Lincolnshire, Illinois","43731",1402057,"1984"
"CE","Celanese","reports","Materiales","Químicos Especiales","Irving, Texas","43458",1306830,"1918"
"CEG","Constellation Energy","reports","Utilidades","Multi-Utilities","Baltimore, Maryland","44594",1868275,"1999"
"CF","CF Industries","reports","Materiales","Fertilizantes y Químicos Agrícola","Deerfield, Illinois","39687",1324404,"1946"
"CFG","Citizens Financial Group","reports","Finanzas","Regional Banks","Providence, Rhode Island","42398",759944,"1828"
"CHD","Church & Dwight","reports","Productos básicos","Productos Domésticos","Ewing, New Jersey","42367",313927,"1847"
"CHRW","C.H. Robinson","reports","Industriales","Flete Aéreo y Logística","Eden Prairie, Minnesota","39143",1043277,"1905"
"CHTR","Charter Communications","reports","Servicios de Comunicación","Cable y Satélite","Stamford, Connecticut","42621",1091667,"1993"
"CI","Cigna","reports","Cuidado de Salud","Managed Health Care","Bloomfield, Connecticut","27941",1739940,"1982"
"CINF","Cincinnati Financial","reports","Finanzas","Property & Casualty Insurance","Fairfield, Ohio","35782",20286,"1950"
"CL","Colgate-Palmolive","reports","Productos básicos","Productos Domésticos","New York City, New York","20883",21665,"1806"
"CLX","Clorox","reports","Productos básicos","Productos Domésticos","Oakland, California","25293",21076,"1913"
"CMA","Comerica","reports","Finanzas","Diversified Banks","Dallas, Texas","35034",28412,"1849"
"CMCSA","Comcast","reports","Servicios de Comunicación","Cable y Satélite","Philadelphia, Pennsylvania","37579",1166691,"1963"
"CME","CME Group","reports","Finanzas","Financial Exchanges & Data","Chicago, Illinois","38940",1156375,"1848"
"CMG","Chipotle Mexican Grill","reports","Consumo Discrecional","Restaurantes","Newport Beach, California","40661",1058090,"1993"
"CMI","Cummins","reports","Industriales","Maquinaria Industrial","Columbus, Indiana","23832",26172,"1919"
"CMS","CMS Energy","reports","Utilidades","Multi-Utilities","Jackson, Michigan","36283",811156,"1886"
"CNC","Centene Corporation","reports","Cuidado de Salud","Managed Health Care","St. Louis, Missouri","42459",1071739,"1984"
"CNP","CenterPoint Energy","reports","Utilidades","Multi-Utilities","Houston, Texas","31259",1130310,"1882"
"COF","Capital One","reports","Finanzas","Consumer Finance","Tysons Corner, Virginia","35977",927628,"1994"
"COO","CooperCompanies","reports","Cuidado de Salud","Health Care Supplies","San Ramon, California","42636",711404,"1958"
"COP","ConocoPhillips","reports","Energía","Oil & Gas Exploration & Production","Houston, Texas","20883",1163165,"2002"
"COST","Costco","reports","Productos básicos","Hipermercados y Súper Centros","Issaquah, Washington","34243",909832,"1976"
"CPB","Campbell Soup Company","reports","Productos básicos","Alimentos y Carnes Empaquetados","Camden, New Jersey","20883",16732,"1869"
"CPRT","Copart","reports","Industriales","Servicios de Soporte Diversificado","Dallas, Texas","43283",900075,"1982"
"CPT","Camden Property Trust","reports","Bienes Raíces","Residential REITs","Houston, Texas","44655",906345,"1981"
"CRL","Charles River Laboratories","reports","Cuidado de Salud","Life Sciences Tools & Services","Wilmington, Massachusetts","44330",1100682,"1947"
"CRM","Salesforce","reports","Tecnología Informática","Software de Aplicación","San Francisco, California","39706",1108524,"1999"
"CSCO","Cisco","reports","Tecnología Informática","Equipo de Comunicación","San Jose, California","34304",858877,"1984"
"CSGP","CoStar Group","reports","Industriales","Servicios de Investigación y Consultoría","Washington D. C.","44823",1057352,"1987"
"CSX","CSX","reports","Industriales","Ferrocarriles","Jacksonville, Florida","24745",277948,"1980"
"CTAS","Cintas","reports","Industriales","Servicios de Soporte Diversificado","Mason, Ohio","36951",723254,"1929"
"CTLT","Catalent","reports","Cuidado de Salud","Farmacéuticos","Somerset, New Jersey","44095",1596783,"2007"
"CTRA","Coterra","reports","Energía","Oil & Gas Exploration & Production","Houston, Texas","39622",858470,"2021 (1989)"
"CTSH","Cognizant","reports","Tecnología Informática","Consultoría Informática y Otros Servicios","Teaneck, New Jersey","39038",1058290,"1994"
"CTVA","Corteva","reports","Materiales","Fertilizantes y Químicos Agrícola","Indianapolis, Indiana","43619",1755672,"2019"
"CVS","CVS Health","reports","Cuidado de Salud","Health Care Services","Woonsocket, Rhode Island","20883",64803,"1996"
"CVX","Chevron Corporation","reports","Energía","Integrated Oil & Gas","San Ramon, California","20883",93410,"1879"
"CZR","Caesars Entertainment","reports","Consumo Discrecional","Casinos & Gaming","Reno, Nevada","44277",1590895,"1973"
"D","Dominion Energy","reports","Utilidades","Electric Utilities","Richmond, Virginia",NA,715957,"1983"
"DAL","Delta Air Lines","reports","Industriales","Aerolíneas","Atlanta, Georgia","41528",27904,"1929"
"DD","DuPont","reports","Materiales","Químicos Especiales","Wilmington, Delaware","43557",1666700,"2017"
"DE","John Deere","reports","Industriales","Maquinaria Agrícola y Granjero","Moline, Illinois","20883",315189,"1837"
"DFS","Discover Financial","reports","Finanzas","Consumer Finance","Riverwoods, Illinois","39265",1393612,"1985"
"DG","Dollar General","reports","Consumo Discrecional","General Merchandise Stores","Goodlettsville, Tennessee","41246",29534,"1939"
"DGX","Quest Diagnostics","reports","Cuidado de Salud","Health Care Services","Secaucus, New Jersey","37602",1022079,"1967"
"DHI","D.R. Horton","reports","Consumo Discrecional","Construcción de Casas","Arlington, Texas","38525",882184,"1978"
"DHR","Danaher Corporation","reports","Cuidado de Salud","Health Care Equipment","Washington D. C.",NA,313616,"1969"
"DIS","Disney","reports","Servicios de Comunicación","Películas y Entretenimiento","Burbank, California","27941",1744489,"1923"
"DISH","Dish Network","reports","Servicios de Comunicación","Cable y Satélite","Meridian, Colorado","42807",1001082,"1980"
"DLR","Digital Realty","reports","Bienes Raíces","Specialized REITs","Austin, Texas","42508",1297996,"2004"
"DLTR","Dollar Tree","reports","Consumo Discrecional","General Merchandise Stores","Chesapeake, Virginia","40896",935703,"1986"
"DOV","Dover Corporation","reports","Industriales","Maquinaria Industrial","Downers Grove, Illinois","31351",29905,"1955"
"DOW","Dow Inc.","reports","Materiales","Productos Químicos","Midland, Michigan","43556",1751788,"2019"
"DPZ","Domino's","reports","Consumo Discrecional","Restaurantes","Ann Arbor, Michigan","43963",1286681,"1960"
"DRI","Darden Restaurants","reports","Consumo Discrecional","Restaurantes","Orlando, Florida",NA,940944,"1938"
"DTE","DTE Energy","reports","Utilidades","Multi-Utilities","Detroit, Michigan","20883",936340,"1995"
"DUK","Duke Energy","reports","Utilidades","Electric Utilities","Charlotte, North Carolina","27941",1326160,"1904"
"DVA","DaVita Inc.","reports","Cuidado de Salud","Health Care Facilities","Denver, Colorado","39660",927066,"1979"
"DVN","Devon Energy","reports","Energía","Oil & Gas Exploration & Production","Oklahoma City, Oklahoma","36768",1090012,"1971"
"DXC","DXC Technology","reports","Tecnología Informática","Consultoría Informática y Otros Servicios","Tysons Corner, Virginia","42829",1688568,"2017"
"DXCM","Dexcom","reports","Cuidado de Salud","Health Care Equipment","San Diego, California","43963",1093557,"1999"
"EA","Electronic Arts","reports","Servicios de Comunicación","Entretenimiento Doméstico Interactivo","Redwood City, California","37459",712515,"1982"
"EBAY","eBay","reports","Consumo Discrecional","Internet & Direct Marketing Retail","San Jose, California","37459",1065088,"1995"
"ECL","Ecolab","reports","Materiales","Químicos Especiales","Saint Paul, Minnesota","32539",31462,"1923"
"ED","Consolidated Edison","reports","Utilidades","Electric Utilities","New York City, New York",NA,1047862,"1823"
"EFX","Equifax","reports","Industriales","Servicios de Investigación y Consultoría","Atlanta, Georgia","35600",33185,"1899"
"EIX","Edison International","reports","Utilidades","Electric Utilities","Rosemead, California","20883",827052,"1886"
"EL","The Estée Lauder Companies","reports","Productos básicos","Productos Personales","New York City, New York","38722",1001250,"1946"
"ELV","Elevance Health","reports","Cuidado de Salud","Managed Health Care","Indianapolis, Indiana","37462",1156039,"2014 (1946)"
"EMN","Eastman Chemical Company","reports","Materiales","Químicos Diversificados","Kingsport, Tennessee","34335",915389,"1920"
"EMR","Emerson Electric","reports","Industriales","Componentes y Equipo Eléctrico","Ferguson, Missouri","23832",32604,"1890"
"ENPH","Enphase","reports","Tecnología Informática","Componentes Electrónicos","Fremont, California","44203",1463101,"2006"
"EOG","EOG Resources","reports","Energía","Oil & Gas Exploration & Production","Houston, Texas","36832",821189,"1999"
"EPAM","EPAM Systems","reports","Tecnología Informática","Consultoría Informática y Otros Servicios","Newtown, Pennsylvania","44544",1352010,"1993"
"EQIX","Equinix","reports","Bienes Raíces","Specialized REITs","Redwood City, California","42083",1101239,"1998"
"EQR","Equity Residential","reports","Bienes Raíces","Residential REITs","Chicago, Illinois","37228",906107,"1969"
"EQT","EQT","reports","Energía","Oil & Gas Exploration & Production","Pittsburgh, Pennsylvania","44837",33213,"1888"
"ES","Eversource","reports","Utilidades","Multi-Utilities","Hartford, Connecticut","2009",72741,"1966"
"ESS","Essex Property Trust","reports","Bienes Raíces","Residential REITs","San Mateo, California","41731",920522,"1971"
"ETN","Eaton Corporation","reports","Industriales","Componentes y Equipo Eléctrico","Dublin, Ireland",NA,1551182,"1911"
"ETR","Entergy","reports","Utilidades","Electric Utilities","New Orleans, Louisiana","20883",65984,"1913"
"ETSY","Etsy","reports","Consumo Discrecional","Internet & Direct Marketing Retail","New York City, New York","44095",1370637,"2005"
"EVRG","Evergy","reports","Utilidades","Electric Utilities","Kansas City, Missouri","43256",1711269,"1909"
"EW","Edwards Lifesciences","reports","Cuidado de Salud","Health Care Equipment","Irvine, California","40634",1099800,"1958"
"EXC","Exelon","reports","Utilidades","Multi-Utilities","Chicago, Illinois","20883",1109357,"2000"
"EXPD","Expeditors International","reports","Industriales","Flete Aéreo y Logística","Seattle, Washington","39365",746515,"1979"
"EXPE","Expedia Group","reports","Consumo Discrecional","Internet & Direct Marketing Retail","Seattle, Washington","39357",1324424,"1996"
"EXR","Extra Space Storage","reports","Bienes Raíces","Specialized REITs","Salt Lake City, Utah","42388",1289490,"1977"
"F","Ford Motor Company","reports","Consumo Discrecional","Automobile Manufacturers","Dearborn, Michigan","20883",37996,"1903"
"FANG","Diamondback Energy","reports","Energía","Oil & Gas Exploration & Production","Midland, Texas","43437",1539838,"2007"
"FAST","Fastenal","reports","Industriales","Productos de Edificio","Winona, Minnesota","39706",815556,"1967"
"FCX","Freeport-McMoRan","reports","Materiales","Cobre","Phoenix, Arizona",NA,831259,"1912"
"FDS","FactSet","reports","Finanzas","Financial Exchanges & Data","Norwalk, Connecticut","44550",1013237,"1978"
"FDX","FedEx","reports","Industriales","Flete Aéreo y Logística","Memphis, Tennessee","29586",1048911,"1971"
"FE","FirstEnergy","reports","Utilidades","Electric Utilities","Akron, Ohio",NA,1031296,"1997"
"FFIV","F5, Inc.","reports","Tecnología Informática","Equipo de Comunicación","Seattle, Washington","40532",1048695,"1996"
"FIS","FIS","reports","Tecnología Informática","Procesamiento de Datos y Servicios Externalizados","Jacksonville, Florida","39031",1136893,"1968"
"FI","Fiserv","reports","Tecnología Informática","Procesamiento de Datos y Servicios Externalizados","Brookfield, Wisconsin","36983",798354,"1984"
"FITB","Fifth Third Bank","reports","Finanzas","Regional Banks","Cincinnati, Ohio",NA,35527,"1858"
"FLT","Fleetcor","reports","Tecnología Informática","Procesamiento de Datos y Servicios Externalizados","Atlanta, Georgia","43271",1175454,"2000"
"FMC","FMC Corporation","reports","Materiales","Fertilizantes y Químicos Agrícola","Philadelphia, Pennsylvania","40044",37785,"1883"
"FOX","Fox Corporation (Class B)","reports","Servicios de Comunicación","Películas y Entretenimiento","New York City, New York","42265",1754301,"2019"
"FOXA","Fox Corporation (Class A)","reports","Servicios de Comunicación","Películas y Entretenimiento","New York City, New York","41456",1754301,"2019"
"FRCB","First Republic Bank","reports","Finanzas","Regional Banks","San Francisco, California","43467",1132979,"1985"
"FRT","Federal Realty","reports","Bienes Raíces","Retail REITs","Rockville, Maryland","42401",34903,"1962"
"FSLR","First Solar","reports","Tecnología Informática","Semiconductores","Tempe, Arizona","44914",1274494,"1999"
"FTNT","Fortinet","reports","Tecnología Informática","Software de Sistemas","Sunnyvale, California","43384",1262039,"2000"
"FTV","Fortive","reports","Industriales","Maquinaria Industrial","Everett, Washington","42552",1659166,"2016"
"GD","General Dynamics","reports","Industriales","Aeroespacial y Defensa","Falls Church, Virginia","20883",40533,"1899"
"GE","General Electric","reports","Industriales","Conglomerados Industriales","Boston, Massachusetts",NA,40545,"1892"
"GEHC","GE HealthCare","reports","Cuidado de Salud","Health Care Technology","Chicago, Illinois","44930",1932393,"1994"
"GEN","Gen Digital","reports","Tecnología Informática","Software de Aplicación","Tempe, Arizona","37705",849399,"1982"
"GILD","Gilead Sciences","reports","Cuidado de Salud","Biotecnología","Foster City, California","38169",882095,"1987"
"GIS","General Mills","reports","Productos básicos","Alimentos y Carnes Empaquetados","Golden Valley, Minnesota","25293",40704,"1856"
"GL","Globe Life","reports","Finanzas","Life & Health Insurance","McKinney, Texas","32628",320335,"1900"
"GLW","Corning Inc.","reports","Tecnología Informática","Componentes Electrónicos","Corning, New York",NA,24741,"1851"
"GM","General Motors","reports","Consumo Discrecional","Automobile Manufacturers","Detroit, Michigan","41431",1467858,"1908"
"GNRC","Generac","reports","Industriales","Componentes y Equipo Eléctrico","Waukesha, Wisconsin","44277",1474735,"1959"
"GOOG","Alphabet Inc. (Class C)","reports","Servicios de Comunicación","Medios y Servicios Interactivos","Mountain View, California","38810",1652044,"1998"
"GOOGL","Alphabet Inc. (Class A)","reports","Servicios de Comunicación","Medios y Servicios Interactivos","Mountain View, California","41732",1652044,"1998"
"GPC","Genuine Parts Company","reports","Consumo Discrecional","Specialty Stores","Atlanta, Georgia","27029",40987,"1925"
"GPN","Global Payments","reports","Tecnología Informática","Procesamiento de Datos y Servicios Externalizados","Atlanta, Georgia","42485",1123360,"2000"
"GRMN","Garmin","reports","Consumo Discrecional","Consumer Electronics","Schaffhausen, Switzerland","41255",1121788,"1989"
"GS","Goldman Sachs","reports","Finanzas","Investment Banking & Brokerage","New York City, New York","37459",886982,"1869"
"GWW","W. W. Grainger","reports","Industriales","Maquinaria Industrial","Lake Forest, Illinois","29767",277135,"1927"
"HAL","Halliburton","reports","Energía","Oil & Gas Equipment & Services","Houston, Texas","20883",45012,"1919"
"HAS","Hasbro","reports","Consumo Discrecional","Leisure Products","Pawtucket, Rhode Island","30955",46080,"1923"
"HBAN","Huntington Bancshares","reports","Finanzas","Regional Banks","Columbus, Ohio; Detroit, Michigan",NA,49196,"1866"
"HCA","HCA Healthcare","reports","Cuidado de Salud","Health Care Facilities","Nashville, Tennessee","42031",860730,"1968"
"HD","The Home Depot","reports","Consumo Discrecional","Home Improvement Retail","Atlanta, Georgia","32233",354950,"1978"
"HES","Hess Corporation","reports","Energía","Integrated Oil & Gas","New York City, New York","30833",4447,"1919"
"HIG","Hartford (The)","reports","Finanzas","Property & Casualty Insurance","Hartford, Connecticut","20883",874766,"1810"
"HII","Huntington Ingalls Industries","reports","Industriales","Aeroespacial y Defensa","Newport News, Virginia","43103",1501585,"2011"
"HLT","Hilton Worldwide","reports","Consumo Discrecional","Hotels, Resorts & Cruise Lines","Tysons Corner, Virginia","42905",1585689,"1919"
"HOLX","Hologic","reports","Cuidado de Salud","Health Care Equipment","Marlborough, Massachusetts","42459",859737,"1985"
"HON","Honeywell","reports","Industriales","Conglomerados Industriales","Charlotte, North Carolina","23467",773840,"1906"
"HPE","Hewlett Packard Enterprise","reports","Tecnología Informática","Tecnología Hardware, Almacenamiento & Periféricos","Houston, Texas","42310",1645590,"2015"
"HPQ","HP Inc.","reports","Tecnología Informática","Tecnología Hardware, Almacenamiento & Periféricos","Palo Alto, California","27394",47217,"1939 (2015)"
"HRL","Hormel Foods","reports","Productos básicos","Alimentos y Carnes Empaquetados","Austin, Minnesota","39876",48465,"1891"
"HSIC","Henry Schein","reports","Cuidado de Salud","Health Care Distributors","Melville, New York","42080",1000228,"1932"
"HST","Host Hotels & Resorts","reports","Bienes Raíces","Hotel & Resort REITs","Bethesda, Maryland","39161",1070750,"1993"
"HSY","Hershey's","reports","Productos básicos","Alimentos y Carnes Empaquetados","Hershey, Pennsylvania","20883",47111,"1894"
"HUM","Humana","reports","Cuidado de Salud","Managed Health Care","Louisville, Kentucky",NA,49071,"1961"
"HWM","Howmet Aerospace","reports","Industriales","Aeroespacial y Defensa","Pittsburgh, Pennsylvania","23467",4281,"2016"
"IBM","IBM","reports","Tecnología Informática","Consultoría Informática y Otros Servicios","Armonk, New York","20883",51143,"1911"
"ICE","Intercontinental Exchange","reports","Finanzas","Financial Exchanges & Data","Atlanta, Georgia","39351",1571949,"2000"
"IDXX","Idexx Laboratories","reports","Cuidado de Salud","Health Care Equipment","Westbrook, Maine","42740",874716,"1983"
"IEX","IDEX Corporation","reports","Industriales","Maquinaria Industrial","Lake Forest, Illinois","43686",832101,"1988"
"IFF","International Flavors & Fragrances","reports","Materiales","Químicos Especiales","New York City, New York","27850",51253,"1958 (1889)"
"ILMN","Illumina","reports","Cuidado de Salud","Life Sciences Tools & Services","San Diego, California","42327",1110803,"1998"
"INCY","Incyte","reports","Cuidado de Salud","Biotecnología","Wilmington, Delaware","42794",879169,"1991"
"INTC","Intel","reports","Tecnología Informática","Semiconductores","Santa Clara, California","28125",50863,"1968"
"INTU","Intuit","reports","Tecnología Informática","Software de Aplicación","Mountain View, California","36865",896878,"1983"
"INVH","Invitation Homes","reports","Bienes Raíces","Residential REITs","Dallas, Texas","44823",1687229,"2012"
"IP","International Paper","reports","Materiales","Empaquetado de Papel","Memphis, Tennessee","20883",51434,"1898"
"IPG","The Interpublic Group of Companies","reports","Servicios de Comunicación","Publicidad","New York City, New York","33878",51644,"1961 (1930)"
"IQV","IQVIA","reports","Cuidado de Salud","Life Sciences Tools & Services","Durham, North Carolina","42976",1478242,"1982"
"IR","Ingersoll Rand","reports","Industriales","Maquinaria Industrial","Davidson, North Carolina","43893",1699150,"1859"
"IRM","Iron Mountain","reports","Bienes Raíces","Specialized REITs","Boston, Massachusetts","39819",1020569,"1951"
"ISRG","Intuitive Surgical","reports","Cuidado de Salud","Health Care Equipment","Sunnyvale, California","39601",1035267,"1995"
"IT","Gartner","reports","Tecnología Informática","Consultoría Informática y Otros Servicios","Stamford, Connecticut","42830",749251,"1979"
"ITW","Illinois Tool Works","reports","Industriales","Maquinaria Industrial","Glenview, Illinois","31471",49826,"1912"
"IVZ","Invesco","reports","Finanzas","Asset Management & Custody Banks","Atlanta, Georgia","39681",914208,"1935"
"J","Jacobs Solutions","reports","Industriales","Construcción e Ingeniería","Dallas, Texas","39381",52988,"1947"
"JBHT","J.B. Hunt","reports","Industriales","Camionaje","Lowell, Arkansas","42186",728535,"1961"
"JCI","Johnson Controls","reports","Industriales","Productos de Edificio","Cork, Ireland","40417",833444,"1885"
"JKHY","Jack Henry & Associates","reports","Tecnología Informática","Procesamiento de Datos y Servicios Externalizados","Monett, Missouri","43417",779152,"1976"
"JNJ","Johnson & Johnson","reports","Cuidado de Salud","Farmacéuticos","New Brunswick, New Jersey","26845",200406,"1886"
"JNPR","Juniper Networks","reports","Tecnología Informática","Equipo de Comunicación","Sunnyvale, California","38870",1043604,"1996"
"JPM","JP Morgan Chase","reports","Finanzas","Diversified Banks","New York City, New York","27575",19617,"2000 (1799 / 1871)"
"K","Kellogg's","reports","Productos básicos","Alimentos y Carnes Empaquetados","Battle Creek, Michigan","32762",55067,"1906"
"KDP","Keurig Dr Pepper","reports","Productos básicos","Bebidas","Burlington, Massachusetts","44733",1418135,"1981"
"KEY","KeyCorp","reports","Finanzas","Regional Banks","Cleveland, Ohio","34394",91576,"1825"
"KEYS","Keysight","reports","Tecnología Informática","Equipo Electrónico y Instrumentos","Santa Rosa, California","43410",1601046,"2014 (1939)"
"KHC","Kraft Heinz","reports","Productos básicos","Alimentos y Carnes Empaquetados","Chicago, Illinois; Pittsburgh, Pennsylvania","42191",1637459,"2015 (1869)"
"KIM","Kimco Realty","reports","Bienes Raíces","Retail REITs","New Hyde Park, New York","38811",879101,"1958"
"KLAC","KLA Corporation","reports","Tecnología Informática","Equipo de Semiconductores","Milpitas, California",NA,319201,"1975/1977 (1997)"
"KMB","Kimberly-Clark","reports","Productos básicos","Productos Domésticos","Irving, Texas","20883",55785,"1872"
"KMI","Kinder Morgan","reports","Energía","Oil & Gas Storage & Transportation","Houston, Texas","41054",1506307,"1997"
"KMX","CarMax","reports","Consumo Discrecional","Automotive Retail","Richmond, Virginia","40357",1170010,"1993"
"KO","The Coca-Cola Company","reports","Productos básicos","Bebidas","Atlanta, Georgia","20883",21344,"1886"
"KR","Kroger","reports","Productos básicos","Venta de Alimentos","Cincinnati, Ohio","20883",56873,"1883"
"L","Loews Corporation","reports","Finanzas","Multi-line Insurance","New York City, New York",NA,60086,"1959"
"LDOS","Leidos","reports","Industriales","Servicios de Soporte Diversificado","Reston, Virginia","43686",1336920,"1969"
"LEN","Lennar","reports","Consumo Discrecional","Construcción de Casas","Miami, Florida","38629",920760,"1954"
"LH","LabCorp","reports","Cuidado de Salud","Health Care Services","Burlington, North Carolina","38292",920148,"1978"
"LHX","L3Harris","reports","Industriales","Aeroespacial y Defensa","Melbourne, Florida","39713",202058,"2019 (1895)"
"LIN","Linde plc","reports","Materiales","Gases Industriales","Guildford, United Kingdom","33786",1707925,"1879"
"LKQ","LKQ Corporation","reports","Consumo Discrecional","Distribuidores","Chicago, Illinois","42513",1065696,"1998"
"LLY","Eli Lilly and Company","reports","Cuidado de Salud","Farmacéuticos","Indianapolis, Indiana","25933",59478,"1876"
"LMT","Lockheed Martin","reports","Industriales","Aeroespacial y Defensa","Bethesda, Maryland","30894",936468,"1995"
"LNC","Lincoln Financial","reports","Finanzas","Multi-line Insurance","Radnor, Pennsylvania","27941",59558,"1905"
"LNT","Alliant Energy","reports","Utilidades","Electric Utilities","Madison, Wisconsin","42552",352541,"1917"
"LOW","Lowe's","reports","Consumo Discrecional","Home Improvement Retail","Mooresville, North Carolina","30741",60667,"1904/1946/1959"
"LRCX","Lam Research","reports","Tecnología Informática","Equipo de Semiconductores","Fremont, California","41089",707549,"1980"
"LUMN","Lumen Technologies","reports","Servicios de Comunicación","Proveedores Alternativos","Monroe, Louisiana","36244",18926,"1983 (1877)"
"LUV","Southwest Airlines","reports","Industriales","Aerolíneas","Dallas, Texas","34516",92380,"1967"
"LVS","Las Vegas Sands","reports","Consumo Discrecional","Casinos & Gaming","Las Vegas, Nevada","43741",1300514,"1988"
"LW","Lamb Weston","reports","Productos básicos","Alimentos y Carnes Empaquetados","Eagle, Idaho","43437",1679273,"2016 (1950)"
"LYB","LyondellBasell","reports","Materiales","Químicos Especiales","Rotterdam, Netherlands","41157",1489393,"2007"
"LYV","Live Nation Entertainment","reports","Servicios de Comunicación","Películas y Entretenimiento","Beverly Hills, California","43822",1335258,"2010"
"MA","Mastercard","reports","Tecnología Informática","Procesamiento de Datos y Servicios Externalizados","Harrison, New York","39647",1141391,"1966"
"MAA","Mid-America Apartment Communities","reports","Bienes Raíces","Residential REITs","Memphis, Tennessee","42706",912595,"1977"
"MAR","Marriott International","reports","Consumo Discrecional","Hotels, Resorts & Cruise Lines","Bethesda, Maryland",NA,1048286,"1927"
"MAS","Masco","reports","Industriales","Productos de Edificio","Livonia, Michigan","29767",62996,"1929"
"MCD","McDonald's","reports","Consumo Discrecional","Restaurantes","Chicago, Illinois","25749",63908,"1940"
"MCHP","Microchip Technology","reports","Tecnología Informática","Semiconductores","Chandler, Arizona","39332",827054,"1989"
"MCK","McKesson","reports","Cuidado de Salud","Health Care Distributors","Irving, Texas",NA,927653,"1833"
"MCO","Moody's","reports","Finanzas","Financial Exchanges & Data","New York City, New York",NA,1059556,"1909"
"MDLZ","Mondelez International","reports","Productos básicos","Alimentos y Carnes Empaquetados","Chicago, Illinois","41184",1103982,"2012"
"MDT","Medtronic","reports","Cuidado de Salud","Health Care Equipment","Dublin, Ireland","31716",1613103,"1949"
"MET","MetLife","reports","Finanzas","Life & Health Insurance","New York City, New York",NA,1099219,"1868"
"META","Meta Platforms","reports","Servicios de Comunicación","Medios y Servicios Interactivos","Menlo Park, California","41631",1326801,"2004"
"MGM","MGM Resorts","reports","Consumo Discrecional","Casinos & Gaming","Paradise, Nevada","42942",789570,"1986"
"MHK","Mohawk Industries","reports","Consumo Discrecional","Home Furnishings","Calhoun, Georgia","41631",851968,"1878"
"MKC","McCormick Company","reports","Productos básicos","Alimentos y Carnes Empaquetados","Hunt Valley, Maryland","37700",63754,"1889"
"MKTX","MarketAxess","reports","Finanzas","Financial Exchanges & Data","New York City, New York","43647",1278021,"2000"
"MLM","Martin Marietta Materials","reports","Materiales","Materiales de construcción","Raleigh, North Carolina","41822",916076,"1993"
"MMC","Marsh McLennan","reports","Finanzas","Insurance Brokers","New York City, New York","32020",62709,"1905"
"MMM","3M","reports","Industriales","Conglomerados Industriales","Saint Paul, Minnesota","27981",66740,"1902"
"MNST","Monster Beverage","reports","Productos básicos","Bebidas","Corona, California","41088",865752,"2012 (1935)"
"MO","Altria","reports","Productos básicos","Tabaco","Richmond, Virginia","20883",764180,"1985"
"MOH","Molina Healthcare","reports","Cuidado de Salud","Managed Health Care","Long Beach, California","44622",1179929,"1980"
"MOS","The Mosaic Company","reports","Materiales","Fertilizantes y Químicos Agrícola","Tampa, Florida","40812",1285785,"2004 (1865 / 1909)"
"MPC","Marathon Petroleum","reports","Energía","Oil & Gas Refining & Marketing","Findlay, Ohio","40725",1510295,"2009 (1887)"
"MPWR","Monolithic Power Systems","reports","Tecnología Informática","Semiconductores","Kirkland, Washington","44239",1280452,"1997"
"MRK","Merck & Co.","reports","Cuidado de Salud","Farmacéuticos","Kenilworth, New Jersey","20883",310158,"1891"
"MRNA","Moderna","reports","Cuidado de Salud","Biotecnología","Cambridge, Massachusetts","44398",1682852,"2010"
"MRO","Marathon Oil","reports","Energía","Oil & Gas Exploration & Production","Houston, Texas","33359",101778,"1887"
"MS","Morgan Stanley","reports","Finanzas","Investment Banking & Brokerage","New York City, New York",NA,895421,"1935"
"MSCI","MSCI","reports","Finanzas","Financial Exchanges & Data","New York City, New York","43194",1408198,"1969"
"MSFT","Microsoft","reports","Tecnología Informática","Software de Sistemas","Redmond, Washington","34486",789019,"1975"
"MSI","Motorola Solutions","reports","Tecnología Informática","Equipo de Comunicación","Chicago, Illinois",NA,68505,"1928 (2011)"
"MTB","M&T Bank","reports","Finanzas","Regional Banks","Buffalo, New York","38040",36270,"1856"
"MTCH","Match Group","reports","Servicios de Comunicación","Medios y Servicios Interactivos","Dallas, Texas","44459",891103,"1986"
"MTD","Mettler Toledo","reports","Cuidado de Salud","Life Sciences Tools & Services","Columbus, Ohio","42619",1037646,"1945"
"MU","Micron Technology","reports","Tecnología Informática","Semiconductores","Boise, Idaho","34604",723125,"1978"
"NCLH","Norwegian Cruise Line Holdings","reports","Consumo Discrecional","Hotels, Resorts & Cruise Lines","Miami, Florida","43021",1513761,"2011 (1966)"
"NDAQ","Nasdaq, Inc.","reports","Finanzas","Financial Exchanges & Data","New York City, New York","39743",1120193,"1971"
"NDSN","Nordson Corporation","reports","Industriales","Maquinaria Industrial","Westlake, Ohio","44607",72331,"1935"
"NEE","NextEra Energy","reports","Utilidades","Multi-Utilities","Juno Beach, Florida","27941",753308,"1984 (1925)"
"NEM","Newmont","reports","Materiales","Oro","Denver, Colorado","25384",1164727,"1921"
"NFLX","Netflix","reports","Servicios de Comunicación","Películas y Entretenimiento","Los Gatos, California","40532",1065280,"1997"
"NI","NiSource","reports","Utilidades","Multi-Utilities","Merrillville, Indiana",NA,1111711,"1912"
"NKE","Nike, Inc.","reports","Consumo Discrecional","Apparel, Accessories & Luxury Goods","Washington County, Oregon","32477",320187,"1964"
"NOC","Northrop Grumman","reports","Industriales","Aeroespacial y Defensa","West Falls Church, Virginia","31228",1133421,"1994 (Northrop 1939, Grumman 1930)"
"NOW","ServiceNow","reports","Tecnología Informática","Software de Sistemas","Santa Clara, California","43790",1373715,"2003"
"NRG","NRG Energy","reports","Utilidades","Independent Power Producers & Energy Traders","Houston, Texas","40207",1013871,"1992"
"NSC","Norfolk Southern Railway","reports","Industriales","Ferrocarriles","Atlanta, Georgia","20883",702165,"1881/1894 (1980)"
"NTAP","NetApp","reports","Tecnología Informática","Tecnología Hardware, Almacenamiento & Periféricos","San Jose, California","36336",1002047,"1992"
"NTRS","Northern Trust","reports","Finanzas","Asset Management & Custody Banks","Chicago, Illinois",NA,73124,"1889"
"NUE","Nucor","reports","Materiales","Acero","Charlotte, North Carolina","31167",73309,"1940"
"NVDA","Nvidia","reports","Tecnología Informática","Semiconductores","Santa Clara, California","37225",1045810,"1993"
"NVR","NVR, Inc.","reports","Consumo Discrecional","Construcción de Casas","Reston, Virginia","43734",906163,"1980"
"NWL","Newell Brands","reports","Consumo Discrecional","Housewares & Specialties","Atlanta, Georgia","32628",814453,"1903"
"NWS","News Corp (Class B)","reports","Servicios de Comunicación","Publicación","New York City, New York","42265",1564708,"2013 (1980)"
"NWSA","News Corp (Class A)","reports","Servicios de Comunicación","Publicación","New York City, New York","41487",1564708,"2013 (1980)"
"NXPI","NXP Semiconductors","reports","Tecnología Informática","Semiconductores","Eindhoven, Netherlands","44277",1413447,"1953"
"O","Realty Income","reports","Bienes Raíces","Retail REITs","San Diego, California","42101",726728,"1969"
"ODFL","Old Dominion","reports","Industriales","Camionaje","Thomasville, North Carolina","43808",878927,"1934"
"OGN","Organon & Co.","reports","Cuidado de Salud","Farmacéuticos","Jersey City, New Jersey","44350",1821825,"2021"
"OKE","ONEOK","reports","Energía","Oil & Gas Storage & Transportation","Tulsa, Oklahoma","40252",1039684,"1906"
"OMC","Omnicom Group","reports","Servicios de Comunicación","Publicidad","New York City, New York",NA,29989,"1986"
"ON","ON Semiconductor","reports","Tecnología Informática","Semiconductores","Phoenix, Arizona","44733",1097864,"1999"
"ORCL","Oracle Corporation","reports","Tecnología Informática","Software de Aplicación","Austin, Texas","32751",1341439,"1977"
"ORLY","O'Reilly Auto Parts","reports","Consumo Discrecional","Specialty Stores","Springfield, Missouri","39899",898173,"1957"
"OTIS","Otis Elevator Company","reports","Industriales","Maquinaria Industrial","Farmington, Connecticut","43924",1781335,"2020 (1853)"
"OXY","Occidental Petroleum Corporation","reports","Energía","Oil & Gas Exploration & Production","Houston, Texas","30316",797468,"1920"
"PARA","Paramount Global","reports","Servicios de Comunicación","Películas y Entretenimiento","New York City, New York",NA,813828,"2019 (1952)"
"PAYC","Paycom","reports","Tecnología Informática","Software de Aplicación","Oklahoma City, Oklahoma","43858",1590955,"1998"
"PAYX","Paychex","reports","Tecnología Informática","Procesamiento de Datos y Servicios Externalizados","Penfield, New York",NA,723531,"1971"
"PCAR","Paccar","reports","Industriales","Maquinaria de Construcción y Camiones Pesados","Bellevue, Washington","29586",75362,"1905"
"PCG","PG&E Corporation","reports","Utilidades","Multi-Utilities","San Francisco, California","44837",1004980,"1905"
"PEAK","Healthpeak","reports","Bienes Raíces","Health Care REITs","Long Beach, California","39538",765880,"1985"
"PEG","Public Service Enterprise Group","reports","Utilidades","Electric Utilities","Newark, New Jersey","20883",788784,"1903"
"PEP","PepsiCo","reports","Productos básicos","Bebidas","Purchase, New York","20883",77476,"1898"
"PFE","Pfizer","reports","Cuidado de Salud","Farmacéuticos","New York City, New York","20883",78003,"1849"
"PFG","Principal Financial Group","reports","Finanzas","Life & Health Insurance","Des Moines, Iowa","37459",1126328,"1879"
"PG","Procter & Gamble","reports","Productos básicos","Productos Personales","Cincinnati, Ohio","20883",80424,"1837"
"PGR","Progressive Corporation","reports","Finanzas","Property & Casualty Insurance","Mayfield Village, Ohio","35646",80661,"1937"
"PH","Parker Hannifin","reports","Industriales","Maquinaria Industrial","Cleveland, Ohio","31381",76334,"1917"
"PHM","PulteGroup","reports","Consumo Discrecional","Construcción de Casas","Atlanta, Georgia","30802",822416,"1956"
"PKG","Packaging Corporation of America","reports","Materiales","Empaquetado de Papel","Lake Forest, Illinois","42942",75677,"1959"
"PLD","Prologis","reports","Bienes Raíces","Industrial REITs","San Francisco, California","37819",1045609,"1983"
"PM","Philip Morris International","reports","Productos básicos","Tabaco","New York City, New York","39538",1413329,"2008 (1847)"
"PNC","PNC Financial Services","reports","Finanzas","Regional Banks","Pittsburgh, Pennsylvania","32263",713676,"1845"
"PNR","Pentair","reports","Industriales","Maquinaria Industrial","Worsley, United Kingdom","41183",77360,"1966"
"PNW","Pinnacle West","reports","Utilidades","Multi-Utilities","Phoenix, Arizona",NA,764622,"1985"
"POOL","Pool Corporation","reports","Consumo Discrecional","Distribuidores","Covington, Louisiana","44111",945841,"1993"
"PPG","PPG Industries","reports","Materiales","Químicos Especiales","Pittsburgh, Pennsylvania","20883",79879,"1883"
"PPL","PPL Corporation","reports","Utilidades","Electric Utilities","Allentown, Pennsylvania",NA,922224,"1920"
"PRU","Prudential Financial","reports","Finanzas","Life & Health Insurance","Newark, New Jersey","37459",1137774,"1875"
"PSA","Public Storage","reports","Bienes Raíces","Specialized REITs","Glendale, California","38583",1393311,"1972"
"PSX","Phillips 66","reports","Energía","Oil & Gas Refining & Marketing","Houston, Texas","41030",1534701,"2012 (1917)"
"PTC","PTC","reports","Tecnología Informática","Software de Aplicación","Boston, Massachusetts","44306",857005,"1985"
"PWR","Quanta Services","reports","Industriales","Construcción e Ingeniería","Houston, Texas","39995",1050915,"1997"
"PXD","Pioneer Natural Resources","reports","Energía","Oil & Gas Exploration & Production","Irving, Texas","39715",1038357,"1997"
"PYPL","PayPal","reports","Tecnología Informática","Procesamiento de Datos y Servicios Externalizados","San Jose, California","42205",1633917,"1998"
"QCOM","Qualcomm","reports","Tecnología Informática","Semiconductores","San Diego, California",NA,804328,"1985"
"QRVO","Qorvo","reports","Tecnología Informática","Semiconductores","Greensboro, North Carolina","42166",1604778,"2015"
"RCL","Royal Caribbean Group","reports","Consumo Discrecional","Hotels, Resorts & Cruise Lines","Miami, Florida","41978",884887,"1997"
"REG","Regency Centers","reports","Bienes Raíces","Retail REITs","Jacksonville, Florida","42796",910606,"1963"
"REGN","Regeneron","reports","Cuidado de Salud","Biotecnología","Tarrytown, New York","41395",872589,"1988"
"RF","Regions Financial Corporation","reports","Finanzas","Regional Banks","Birmingham, Alabama","36035",1281761,"1971"
"RHI","Robert Half","reports","Industriales","Servicios de Recursos Humanos y Empleo","Menlo Park, California","36865",315213,"1948"
"RJF","Raymond James","reports","Finanzas","Investment Banking & Brokerage","St. Petersburg, Florida","42814",720005,"1962"
"RL","Ralph Lauren Corporation","reports","Consumo Discrecional","Apparel, Accessories & Luxury Goods","New York City, New York","39115",1037038,"1967"
"RMD","ResMed","reports","Cuidado de Salud","Health Care Equipment","San Diego, California","42942",943819,"1989"
"ROK","Rockwell Automation","reports","Industriales","Componentes y Equipo Eléctrico","Milwaukee, Wisconsin",NA,1024478,"1903"
"ROL","Rollins, Inc.","reports","Industriales","Servicios Ambientales y de Comodidades","Atlanta, Georgia","43374",84839,"1948"
"ROP","Roper Technologies","reports","Tecnología Informática","Equipo Electrónico y Instrumentos","Sarasota, Florida","40170",882835,"1981"
"ROST","Ross Stores","reports","Consumo Discrecional","Apparel Retail","Dublin, California","40168",745732,"1982"
"RSG","Republic Services","reports","Industriales","Servicios Ambientales y de Comodidades","Phoenix, Arizona","39787",1060391,"1998 (1981)"
"RTX","Raytheon Technologies","reports","Industriales","Aeroespacial y Defensa","Waltham, Massachusetts",NA,101829,"1922"
"SBAC","SBA Communications","reports","Bienes Raíces","Specialized REITs","Boca Raton, Florida","42979",1034054,"1989"
"SBNY","Signature Bank","reports","Finanzas","Regional Banks","New York City, New York","44550",1288784,"2001"
"SBUX","Starbucks","reports","Consumo Discrecional","Restaurantes","Seattle, Washington","36684",829224,"1971"
"SCHW","Charles Schwab Corporation","reports","Finanzas","Investment Banking & Brokerage","Westlake, Texas","35583",316709,"1971"
"SEDG","SolarEdge","reports","Tecnología Informática","Equipo de Semiconductores","Herzliya, Israel","44550",1419612,"2006"
"SEE","Sealed Air","reports","Materiales","Empaquetado de Papel","Charlotte, North Carolina","20883",1012100,"1960"
"SHW","Sherwin-Williams","reports","Materiales","Químicos Especiales","Cleveland, Ohio","23558",89800,"1866"
"SIVBQ","SVB Financial","reports","Finanzas","Regional Banks","Santa Clara, California","43178",719739,"1983"
"SJM","The J.M. Smucker Company","reports","Productos básicos","Alimentos y Carnes Empaquetados","Orrville, Ohio","39758",91419,"1897"
"SLB","Schlumberger","reports","Energía","Oil & Gas Equipment & Services","Curaçao, Kingdom of the Netherlands","23832",87347,"1926"
"SNA","Snap-on","reports","Industriales","Maquinaria Industrial","Kenosha, Wisconsin","30224",91440,"1920"
"SNPS","Synopsys","reports","Tecnología Informática","Software de Aplicación","Mountain View, California","42810",883241,"1986"
"SO","Southern Company","reports","Utilidades","Electric Utilities","Atlanta, Georgia","20883",92122,"1945"
"SPG","Simon Property Group","reports","Bienes Raíces","Retail REITs","Indianapolis, Indiana","37433",1063761,"2003"
"SPGI","S&P Global","reports","Finanzas","Financial Exchanges & Data","New York City, New York",NA,64040,"1917"
"SRE","Sempra Energy","reports","Utilidades","Multi-Utilities","San Diego, California",NA,1032208,"1998"
"STE","Steris","reports","Cuidado de Salud","Health Care Equipment","Dublin, Ireland","43822",1757898,"1985"
"STLD","Steel Dynamics","reports","Materiales","Acero","Fort Wayne, Indiana","44917",1022671,"1993"
"STT","State Street Corporation","reports","Finanzas","Asset Management & Custody Banks","Boston, Massachusetts",NA,93751,"1792"
"STX","Seagate Technology","reports","Tecnología Informática","Tecnología Hardware, Almacenamiento & Periféricos","Dublin, Ireland","41092",1137789,"1979"
"STZ","Constellation Brands","reports","Productos básicos","Destiladores y Viticultores","Victor, New York","38534",16918,"1945"
"SWK","Stanley Black & Decker","reports","Industriales","Maquinaria Industrial","New Britain, Connecticut","30224",93556,"1843"
"SWKS","Skyworks Solutions","reports","Tecnología Informática","Semiconductores","Irvine, California","42075",4127,"2002"
"SYF","Synchrony Financial","reports","Finanzas","Consumer Finance","Stamford, Connecticut","42326",1601712,"2003"
"SYK","Stryker Corporation","reports","Cuidado de Salud","Health Care Equipment","Kalamazoo, Michigan","36872",310764,"1941"
"SYY","Sysco","reports","Productos básicos","Distribuidores de Alimentos","Houston, Texas","31777",96021,"1969"
"T","AT&T","reports","Servicios de Comunicación","Servicios de Telecomunicación Integrado","Dallas, Texas","1983-11-30 (1957-03-04)",732717,"1983 (1885)"
"TAP","Molson Coors Beverage Company","reports","Productos básicos","Cerveceros","Chicago, Illinois","27941",24545,"2005 (Molson 1786, Coors 1873)"
"TDG","TransDigm Group","reports","Industriales","Aeroespacial y Defensa","Cleveland, Ohio","42524",1260221,"1993"
"TDY","Teledyne Technologies","reports","Tecnología Informática","Equipo Electrónico y Instrumentos","Thousand Oaks, California","44004",1094285,"1960"
"TECH","Bio-Techne","reports","Cuidado de Salud","Life Sciences Tools & Services","Minneapolis, Minnesota","44438",842023,"1976"
"TEL","TE Connectivity","reports","Tecnología Informática","Servicios de Fabricación Electrónica","Schaffhausen, Switzerland","40833",1385157,"2007"
"TER","Teradyne","reports","Tecnología Informática","Equipo de Semiconductores","North Reading, Massachusetts","44095",97210,"1960"
"TFC","Truist","reports","Finanzas","Regional Banks","Charlotte, North Carolina","35768",92230,"1872"
"TFX","Teleflex","reports","Cuidado de Salud","Health Care Equipment","Wayne, Pennsylvania","43483",96943,"1943"
"TGT","Target Corporation","reports","Consumo Discrecional","General Merchandise Stores","Minneapolis, Minnesota","28125",27419,"1902"
"TJX","TJX Companies","reports","Consumo Discrecional","Apparel Retail","Framingham, Massachusetts","31320",109198,"1987"
"TMO","Thermo Fisher Scientific","reports","Cuidado de Salud","Life Sciences Tools & Services","Waltham, Massachusetts","38202",97745,"2006 (1902)"
"TMUS","T-Mobile US","reports","Servicios de Comunicación","Servicios de Telecomunicación Inalámbrico","Bellevue, Washington","43661",1283699,"1994"
"TPR","Tapestry, Inc.","reports","Consumo Discrecional","Apparel, Accessories & Luxury Goods","New York City, New York",NA,1116132,"2017"
"TRGP","Targa Resources","reports","Energía","Oil & Gas Storage & Transportation","Houston, Texas","44846",1389170,"2005"
"TRMB","Trimble Inc.","reports","Tecnología Informática","Equipo Electrónico y Instrumentos","Westminster, Colorado","44217",864749,"1978"
"TROW","T. Rowe Price","reports","Finanzas","Asset Management & Custody Banks","Baltimore, Maryland",NA,1113169,"1937"
"TRV","The Travelers Companies","reports","Finanzas","Property & Casualty Insurance","New York City, New York","37489",86312,"1853"
"TSCO","Tractor Supply","reports","Consumo Discrecional","Specialty Stores","Brentwood, Tennessee","41663",916365,"1938"
"TSLA","Tesla, Inc.","reports","Consumo Discrecional","Automobile Manufacturers","Austin, Texas","44186",1318605,"2003"
"TSN","Tyson Foods","reports","Productos básicos","Alimentos y Carnes Empaquetados","Springdale, Arkansas","38574",100493,"1935"
"TT","Trane Technologies","reports","Industriales","Productos de Edificio","Dublin, Ireland","40499",1466258,"1871"
"TTWO","Take-Two Interactive","reports","Servicios de Comunicación","Entretenimiento Doméstico Interactivo","New York City, New York","43178",946581,"1993"
"TXN","Texas Instruments","reports","Tecnología Informática","Semiconductores","Dallas, Texas",NA,97476,"1930"
"TXT","Textron","reports","Industriales","Aeroespacial y Defensa","Providence, Rhode Island","28855",217346,"1923"
"TYL","Tyler Technologies","reports","Tecnología Informática","Software de Aplicación","Plano, Texas","44004",860731,"1966"
"UAL","United Airlines Holdings","reports","Industriales","Aerolíneas","Chicago, Illinois","42250",100517,"1967"
"UDR","UDR, Inc.","reports","Bienes Raíces","Residential REITs","Highlands Ranch, Colorado","42436",74208,"1972"
"UHS","Universal Health Services","reports","Cuidado de Salud","Health Care Facilities","King of Prussia, Pennsylvania","41902",352915,"1979"
"ULTA","Ulta Beauty","reports","Consumo Discrecional","Specialty Stores","Bolingbrook, Illinois","42478",1403568,"1990"
"UNH","UnitedHealth Group","reports","Cuidado de Salud","Managed Health Care","Minnetonka, Minnesota","34516",731766,"1977"
"UNP","Union Pacific Corporation","reports","Industriales","Ferrocarriles","Omaha, Nebraska","20883",100885,"1862"
"UPS","United Parcel Service","reports","Industriales","Flete Aéreo y Logística","Sandy Springs, Georgia","37459",1090727,"1907"
"URI","United Rentals","reports","Industriales","Trading Companies & Distributors","Stamford, Connecticut","41902",1067701,"1997"
"USB","U.S. Bank","reports","Finanzas","Diversified Banks","Minneapolis, Minnesota",NA,36104,"1968"
"V","Visa Inc.","reports","Tecnología Informática","Procesamiento de Datos y Servicios Externalizados","San Francisco, California","40168",1403161,"1958"
"VFC","VF Corporation","reports","Consumo Discrecional","Apparel, Accessories & Luxury Goods","Denver, Colorado","29036",103379,"1899"
"VICI","Vici Properties","reports","Bienes Raíces","Hotel & Resort REITs","New York City, New York","44720",1705696,"2017"
"VLO","Valero Energy","reports","Energía","Oil & Gas Refining & Marketing","San Antonio, Texas",NA,1035002,"1980"
"VMC","Vulcan Materials Company","reports","Materiales","Materiales de construcción","Birmingham, Alabama","36341",1396009,"1909"
"VRSK","Verisk","reports","Industriales","Servicios de Investigación y Consultoría","Jersey City, New Jersey","42285",1442145,"1971"
"VRSN","Verisign","reports","Tecnología Informática","Servicios y Infraestructura de Internet","Dulles, Virginia","38749",1014473,"1995"
"VRTX","Vertex Pharmaceuticals","reports","Cuidado de Salud","Biotecnología","Cambridge, Massachusetts","41540",875320,"1989"
"VTR","Ventas","reports","Bienes Raíces","Health Care REITs","Chicago, Illinois","39876",740260,"1998"
"VTRS","Viatris","reports","Cuidado de Salud","Farmacéuticos","Pittsburgh, Pennsylvania","38100",1792044,"1961"
"VZ","Verizon","reports","Servicios de Comunicación","Servicios de Telecomunicación Integrado","New York City, New York","30650",732712,"1983 (1877)"
"WAB","Wabtec","reports","Industriales","Maquinaria de Construcción y Camiones Pesados","Pittsburgh, Pennsylvania","43523",943452,"1999 (1869)"
"WAT","Waters Corporation","reports","Cuidado de Salud","Health Care Distributors","Milford, Massachusetts",NA,1000697,"1958"
"WBA","Walgreens Boots Alliance","reports","Productos básicos","Venta Fármaco","Deerfield, Illinois","29220",1618921,"2014"
"WBD","Warner Bros. Discovery","reports","Servicios de Comunicación","Transmisión","New York City, New York","44662",1437107,"2022"
"WDC","Western Digital","reports","Tecnología Informática","Tecnología Hardware, Almacenamiento & Periféricos","San Jose, California","39995",106040,"1970"
"WEC","WEC Energy Group","reports","Utilidades","Electric Utilities","Milwaukee, Wisconsin","39752",783325,"1896"
"WELL","Welltower","reports","Bienes Raíces","Health Care REITs","Toledo, Ohio","39843",766704,"1970"
"WFC","Wells Fargo","reports","Finanzas","Diversified Banks","San Francisco, California","27941",72971,"1852"
"WHR","Whirlpool Corporation","reports","Consumo Discrecional","Household Appliances","Benton Harbor, Michigan",NA,106640,"1911"
"WM","Waste Management","reports","Industriales","Servicios Ambientales y de Comodidades","Houston, Texas",NA,823768,"1968"
"WMB","Williams Companies","reports","Energía","Oil & Gas Storage & Transportation","Tulsa, Oklahoma","27484",107263,"1908"
"WMT","Walmart","reports","Productos básicos","Hipermercados y Súper Centros","Bentonville, Arkansas","30194",104169,"1962"
"WRB","Berkley","reports","Finanzas","Property & Casualty Insurance","Greenwich, Connecticut","43804",11544,"1967"
"WRK","WestRock","reports","Materiales","Empaquetado de Papel","Atlanta, Georgia",NA,1732845,"2015"
"WST","West Pharmaceutical Services","reports","Cuidado de Salud","Health Care Supplies","Exton, Pennsylvania","43973",105770,"1923"
"WTW","Willis Towers Watson","reports","Finanzas","Insurance Brokers","London, United Kingdom","42374",1140536,"2016"
"WY","Weyerhaeuser","reports","Bienes Raíces","Specialized REITs","Seattle, Washington",NA,106535,"1900"
"WYNN","Wynn Resorts","reports","Consumo Discrecional","Casinos & Gaming","Paradise, Nevada","39766",1174922,"2002"
"XEL","Xcel Energy","reports","Utilidades","Multi-Utilities","Minneapolis, Minnesota","20883",72903,"1909"
"XOM","ExxonMobil","reports","Energía","Integrated Oil & Gas","Irving, Texas","20883",34088,"1999"
"XRAY","Dentsply Sirona","reports","Cuidado de Salud","Health Care Supplies","Charlotte, North Carolina","39766",818479,"2016 (1969)"
"XYL","Xylem Inc.","reports","Industriales","Maquinaria Industrial","White Plains, New York","40848",1524472,"2011"
"YUM","Yum! Brands","reports","Consumo Discrecional","Restaurantes","Louisville, Kentucky","35709",1041061,"1997"
"ZBH","Zimmer Biomet","reports","Cuidado de Salud","Health Care Equipment","Warsaw, Indiana","37110",1136869,"1927"
"ZBRA","Zebra Technologies","reports","Tecnología Informática","Equipo Electrónico y Instrumentos","Lincolnshire, Illinois","43822",877212,"1969"
"ZION","Zions Bancorporation","reports","Finanzas","Regional Banks","Salt Lake City, Utah","37064",109380,"1873"
"ZTS","Zoetis","reports","Cuidado de Salud","Farmacéuticos","Parsippany, New Jersey","41446",1555280,"1952"
